1,Velskud,velskudrain@gmail.com,heelooo,ggggg
2,haha,velskudrain@gmail.com,heelooo,hhhhh
3,Velskud,velskudrain@gmail.com,heelooo,aaaaaa
4,Velskud,velskudrain@gmail.com,heelooo,aaaaaa
5,haha,velskudrain@gmail.com,heelooo,aaa
6,Velskud,velskudrain@gmail.com,heelooo,aaaaa
7,Velskud,velskudrain@gmail.com,heelooo,yyyyy
8,haha,new1@gmail.com,halo,mmmmm
9,Velskud,velskudrain@gmail.com,heelooo,aaaa
10,Velskud,velskudrain@gmail.com,heelooo,aaaa
11,Velskud,velskudrain@gmail.com,heelooo,aaaaaa
12,Velskud,velskudrain@gmail.com,heelooo,aaaaaa
13,Velskud,velskudrain@gmail.com,heelooo,aaaaa
14,Velskud,velskudrain@gmail.com,heelooo,aaaaa
15,haha,new1@gmail.com,heelooo,aaaa
16,s,velskudrain@gmail.com,heelooo,ssss
17,Velskud,velskudrain@gmail.com,heelooo,ssss
18,Velskud,velskudrain@gmail.com,heelooo,ssss
19,Velskud,velskudrain@gmail.com,heelooo,aaaaa
20,Velskud,velskudrain@gmail.com,heelooo,aaaaa
21,Velskud,velskudrain@gmail.com,heelooo,aaaaa
22,Velskud,velskudrain@gmail.com,heelooo,aaaaa
